tau,feasible,clean_coverage,clean_cmsa,degraded_coverage,degraded_cmsa,failure_recall,abstention_precision
0.005849753694581281,False,0.9733333333333334,0.9657534246575342,0.82,0.7113821138211383,0.432,1.0
0.07988496564946478,False,0.9733333333333334,0.9657534246575342,0.8166666666666667,0.7142857142857143,0.44,1.0
0.08606902356902357,False,0.9733333333333334,0.9657534246575342,0.8133333333333334,0.7172131147540983,0.448,1.0
0.08670520231213869,False,0.9733333333333334,0.9657534246575342,0.81,0.720164609053498,0.456,1.0
0.09883547327560466,False,0.9733333333333334,0.9657534246575342,0.8066666666666666,0.7231404958677686,0.464,1.0
0.13355201499531397,False,0.97,0.9656357388316151,0.8066666666666666,0.7231404958677686,0.464,1.0
0.1643598615916955,False,0.97,0.9656357388316151,0.8033333333333333,0.7261410788381742,0.472,1.0
0.20745614035087723,False,0.97,0.9656357388316151,0.8,0.7291666666666666,0.48,1.0
0.23272214386459802,False,0.9666666666666667,0.9655172413793104,0.8,0.7291666666666666,0.48,1.0
0.2912391475927388,False,0.9666666666666667,0.9655172413793104,0.7966666666666666,0.7322175732217573,0.488,1.0
0.312199036918138,False,0.9666666666666667,0.9655172413793104,0.7933333333333333,0.7352941176470589,0.496,1.0
0.32647536545749867,False,0.9666666666666667,0.9655172413793104,0.79,0.7383966244725738,0.504,1.0
0.32993348115299337,False,0.9666666666666667,0.9655172413793104,0.7866666666666666,0.7415254237288136,0.512,1.0
0.3436795994993742,False,0.9666666666666667,0.9655172413793104,0.7833333333333333,0.7446808510638298,0.52,1.0
0.3737906772207564,False,0.9666666666666667,0.9655172413793104,0.78,0.7478632478632479,0.528,1.0
0.38560267857142855,True,0.9666666666666667,0.9655172413793104,0.7766666666666666,0.7510729613733905,0.536,1.0
0.4105960264900662,True,0.9666666666666667,0.9655172413793104,0.7733333333333333,0.7543103448275862,0.544,1.0
0.41191806331471137,True,0.9666666666666667,0.9655172413793104,0.77,0.7575757575757576,0.552,1.0
0.4225721784776903,True,0.9633333333333334,0.9688581314878892,0.77,0.7575757575757576,0.552,1.0
0.4395053475935829,True,0.9633333333333334,0.9688581314878892,0.7666666666666667,0.7608695652173914,0.56,1.0
0.45367551109177906,True,0.9633333333333334,0.9688581314878892,0.7633333333333333,0.7641921397379913,0.568,1.0
0.45843714609286523,True,0.9633333333333334,0.9688581314878892,0.76,0.7675438596491229,0.576,1.0
0.4600520252694166,True,0.9633333333333334,0.9688581314878892,0.7566666666666667,0.7709251101321586,0.584,1.0
0.4710900473933649,True,0.9633333333333334,0.9688581314878892,0.7533333333333333,0.7743362831858407,0.592,1.0
0.4911083540115798,True,0.9633333333333334,0.9688581314878892,0.75,0.7777777777777778,0.6,1.0
0.496875,True,0.9633333333333334,0.9688581314878892,0.7466666666666667,0.7767857142857143,0.6,0.9868421052631579
0.5023809523809524,True,0.96,0.96875,0.7466666666666667,0.7767857142857143,0.6,0.9868421052631579
0.5029801961161315,True,0.96,0.96875,0.7433333333333333,0.7802690582959642,0.608,0.987012987012987
0.5065180102915952,True,0.9566666666666667,0.9721254355400697,0.7433333333333333,0.7802690582959642,0.608,0.987012987012987
0.5080572963294538,True,0.9533333333333334,0.972027972027972,0.7433333333333333,0.7802690582959642,0.608,0.987012987012987
0.5312791783380019,True,0.9533333333333334,0.972027972027972,0.74,0.7837837837837838,0.616,0.9871794871794872
0.536723163841808,True,0.95,0.9719298245614035,0.74,0.7837837837837838,0.616,0.9871794871794872
0.5518686692280824,True,0.95,0.9719298245614035,0.7366666666666667,0.7873303167420814,0.624,0.9873417721518988
0.5525587828492393,True,0.95,0.9719298245614035,0.7333333333333333,0.7909090909090909,0.632,0.9875
0.5664989216391085,True,0.95,0.9719298245614035,0.73,0.7945205479452054,0.64,0.9876543209876543
0.5684039087947883,True,0.95,0.9719298245614035,0.7266666666666667,0.7981651376146789,0.648,0.9878048780487805
0.5709728867623605,True,0.95,0.9719298245614035,0.7233333333333334,0.8018433179723502,0.656,0.9879518072289156
0.5791481246026701,True,0.95,0.9719298245614035,0.72,0.8009259259259259,0.656,0.9761904761904762
0.5819041986989947,True,0.95,0.9719298245614035,0.7166666666666667,0.8046511627906977,0.664,0.9764705882352941
0.6027667984189723,True,0.9466666666666667,0.9753521126760564,0.7166666666666667,0.8046511627906977,0.664,0.9764705882352941
0.6274451689389449,True,0.9433333333333334,0.9787985865724381,0.7166666666666667,0.8046511627906977,0.664,0.9764705882352941
0.64272,True,0.94,0.9787234042553191,0.7166666666666667,0.8046511627906977,0.664,0.9764705882352941
0.655902920608803,True,0.9366666666666666,0.9786476868327402,0.7166666666666667,0.8046511627906977,0.664,0.9764705882352941
0.656,True,0.9366666666666666,0.9786476868327402,0.7133333333333334,0.8037383177570093,0.664,0.9651162790697675
0.6604903078677309,True,0.9366666666666666,0.9786476868327402,0.71,0.8075117370892019,0.672,0.9655172413793104
0.6693480101608806,True,0.9366666666666666,0.9786476868327402,0.7066666666666667,0.8066037735849056,0.672,0.9545454545454546
0.6749525616698292,True,0.9366666666666666,0.9786476868327402,0.7033333333333334,0.8104265402843602,0.68,0.9550561797752809
0.6845479803376789,True,0.9333333333333333,0.9785714285714285,0.7033333333333334,0.8104265402843602,0.68,0.9550561797752809
0.6948785765809089,True,0.9333333333333333,0.9785714285714285,0.7,0.8142857142857143,0.688,0.9555555555555556
0.7360687022900764,True,0.9333333333333333,0.9785714285714285,0.6966666666666667,0.8133971291866029,0.688,0.945054945054945
0.7361690297470114,True,0.93,0.978494623655914,0.6966666666666667,0.8133971291866029,0.688,0.945054945054945
0.7378291343057397,True,0.9266666666666666,0.9784172661870504,0.6966666666666667,0.8133971291866029,0.688,0.945054945054945
0.7387110916264796,True,0.9266666666666666,0.9784172661870504,0.6933333333333334,0.8125,0.688,0.9347826086956522
0.7408675799086758,True,0.9266666666666666,0.9784172661870504,0.69,0.8164251207729468,0.696,0.9354838709677419
0.742237736542348,True,0.9233333333333333,0.9783393501805054,0.69,0.8164251207729468,0.696,0.9354838709677419
0.7469310670443815,True,0.92,0.9782608695652174,0.69,0.8164251207729468,0.696,0.9354838709677419
0.7471339665902391,True,0.9166666666666666,0.9818181818181818,0.69,0.8164251207729468,0.696,0.9354838709677419
0.7566323174742381,True,0.9166666666666666,0.9818181818181818,0.6866666666666666,0.8155339805825242,0.696,0.925531914893617
0.7570523891767416,True,0.9133333333333333,0.9817518248175182,0.6866666666666666,0.8155339805825242,0.696,0.925531914893617
0.762402088772846,True,0.9133333333333333,0.9817518248175182,0.6833333333333333,0.8146341463414634,0.696,0.9157894736842105
0.7628304821150855,True,0.9133333333333333,0.9817518248175182,0.68,0.8186274509803921,0.704,0.9166666666666666
0.7662459973629685,True,0.91,0.9853479853479854,0.68,0.8186274509803921,0.704,0.9166666666666666
0.7756226053639846,True,0.9066666666666666,0.9852941176470589,0.68,0.8186274509803921,0.704,0.9166666666666666
0.7869785082174463,True,0.9066666666666666,0.9852941176470589,0.6766666666666666,0.8226600985221675,0.712,0.9175257731958762
0.7918584928519505,True,0.9066666666666666,0.9852941176470589,0.6733333333333333,0.8217821782178217,0.712,0.9081632653061225
0.8062283737024222,True,0.9066666666666666,0.9852941176470589,0.67,0.8258706467661692,0.72,0.9090909090909091
0.8075695394436845,True,0.9033333333333333,0.985239852398524,0.67,0.8258706467661692,0.72,0.9090909090909091
0.8151140684410646,True,0.9033333333333333,0.985239852398524,0.6666666666666666,0.83,0.728,0.91
0.8168914123491838,True,0.9033333333333333,0.985239852398524,0.6633333333333333,0.8291457286432161,0.728,0.900990099009901
0.8199780461031834,True,0.9033333333333333,0.985239852398524,0.66,0.8333333333333334,0.736,0.9019607843137255
0.8228213769860375,True,0.9,0.9851851851851852,0.66,0.8333333333333334,0.736,0.9019607843137255
0.8363361233271859,True,0.9,0.9851851851851852,0.6566666666666666,0.8375634517766497,0.744,0.9029126213592233
0.8367392270102176,True,0.9,0.9851851851851852,0.6533333333333333,0.8367346938775511,0.744,0.8942307692307693
0.8415730337078652,True,0.9,0.9851851851851852,0.65,0.841025641025641,0.752,0.8952380952380953
0.8427556496107627,True,0.9,0.9851851851851852,0.6466666666666666,0.845360824742268,0.76,0.8962264150943396
0.8486293206197855,True,0.9,0.9851851851851852,0.6433333333333333,0.8497409326424871,0.768,0.897196261682243
0.8507401315789473,True,0.8966666666666666,0.9851301115241635,0.6433333333333333,0.8497409326424871,0.768,0.897196261682243
0.8526970954356846,True,0.8933333333333333,0.9850746268656716,0.6433333333333333,0.8497409326424871,0.768,0.897196261682243
0.8712559117183395,True,0.8933333333333333,0.9850746268656716,0.64,0.8489583333333334,0.768,0.8888888888888888
0.8744588744588745,True,0.8933333333333333,0.9850746268656716,0.6366666666666667,0.8534031413612565,0.776,0.8899082568807339
0.8756949630736038,True,0.8933333333333333,0.9850746268656716,0.6333333333333333,0.8578947368421053,0.784,0.8909090909090909
0.8899953682260305,True,0.8933333333333333,0.9850746268656716,0.63,0.8571428571428571,0.784,0.8828828828828829
0.9044715447154471,True,0.8933333333333333,0.9850746268656716,0.6266666666666667,0.8617021276595744,0.792,0.8839285714285714
0.9074863055386488,True,0.8933333333333333,0.9850746268656716,0.6233333333333333,0.8663101604278075,0.8,0.8849557522123894
0.9085173501577287,True,0.8933333333333333,0.9850746268656716,0.62,0.8655913978494624,0.8,0.8771929824561403
0.9099378881987578,True,0.89,0.9887640449438202,0.62,0.8655913978494624,0.8,0.8771929824561403
0.9122529644268774,True,0.8866666666666667,0.9887218045112782,0.62,0.8655913978494624,0.8,0.8771929824561403
0.912273212379936,True,0.8866666666666667,0.9887218045112782,0.6166666666666667,0.8648648648648649,0.8,0.8695652173913043
0.9150556531927357,True,0.8833333333333333,0.9886792452830189,0.6166666666666667,0.8648648648648649,0.8,0.8695652173913043
0.915068493150685,True,0.88,0.9886363636363636,0.6166666666666667,0.8648648648648649,0.8,0.8695652173913043
0.9160021265284424,True,0.88,0.9886363636363636,0.6133333333333333,0.8695652173913043,0.808,0.8706896551724138
0.9188948306595366,True,0.88,0.9886363636363636,0.61,0.8743169398907104,0.816,0.8717948717948718
0.9201954397394136,True,0.88,0.9886363636363636,0.6066666666666667,0.8736263736263736,0.816,0.864406779661017
0.9248251748251748,True,0.88,0.9886363636363636,0.6033333333333334,0.8729281767955801,0.816,0.8571428571428571
0.9320606400898371,True,0.88,0.9886363636363636,0.6,0.8777777777777778,0.824,0.8583333333333333
0.9362745098039216,True,0.8766666666666667,0.9885931558935361,0.6,0.8777777777777778,0.824,0.8583333333333333
0.940193491644679,True,0.8766666666666667,0.9885931558935361,0.5966666666666667,0.8770949720670391,0.824,0.8512396694214877
0.9417879417879418,True,0.8733333333333333,0.9885496183206107,0.5966666666666667,0.8770949720670391,0.824,0.8512396694214877
0.9427675421403371,True,0.87,0.9885057471264368,0.5966666666666667,0.8770949720670391,0.824,0.8512396694214877
0.9455992923485184,True,0.8666666666666667,0.9884615384615385,0.5966666666666667,0.8770949720670391,0.824,0.8512396694214877
0.9466757431359202,True,0.8666666666666667,0.9884615384615385,0.5933333333333334,0.8764044943820225,0.824,0.8442622950819673
0.946961894953656,True,0.8633333333333333,0.9884169884169884,0.5933333333333334,0.8764044943820225,0.824,0.8442622950819673
0.9473864806130619,True,0.86,0.9883720930232558,0.5933333333333334,0.8764044943820225,0.824,0.8442622950819673
0.9479746674034089,True,0.86,0.9883720930232558,0.59,0.8813559322033898,0.832,0.8455284552845529
0.949281867145422,True,0.8566666666666667,0.9883268482490273,0.59,0.8813559322033898,0.832,0.8455284552845529
0.9495213228894691,True,0.8533333333333334,0.98828125,0.59,0.8813559322033898,0.832,0.8455284552845529
0.9505061867266592,True,0.8533333333333334,0.98828125,0.5866666666666667,0.8806818181818182,0.832,0.8387096774193549
0.9508867667121419,True,0.85,0.9882352941176471,0.5866666666666667,0.8806818181818182,0.832,0.8387096774193549
0.9530157697935295,True,0.8466666666666667,0.9881889763779528,0.5866666666666667,0.8806818181818182,0.832,0.8387096774193549
0.9536065018625127,True,0.8433333333333334,0.9920948616600791,0.5866666666666667,0.8806818181818182,0.832,0.8387096774193549
0.9545977011494253,True,0.84,0.9920634920634921,0.5866666666666667,0.8806818181818182,0.832,0.8387096774193549
0.9565723148507174,True,0.84,0.9920634920634921,0.5833333333333334,0.88,0.832,0.832
0.9576871953921134,True,0.8366666666666667,0.9920318725099602,0.5833333333333334,0.88,0.832,0.832
0.9590860786397449,True,0.8333333333333334,0.992,0.5833333333333334,0.88,0.832,0.832
0.9622937941869599,True,0.83,0.9919678714859438,0.5833333333333334,0.88,0.832,0.832
0.9623376623376624,True,0.8266666666666667,0.9919354838709677,0.5833333333333334,0.88,0.832,0.832
0.9637952559300874,True,0.8233333333333334,0.9919028340080972,0.5833333333333334,0.88,0.832,0.832
0.9640900791235545,True,0.8233333333333334,0.9919028340080972,0.58,0.8793103448275862,0.832,0.8253968253968254
0.9666093436514761,True,0.8233333333333334,0.9919028340080972,0.5766666666666667,0.8786127167630058,0.832,0.8188976377952756
0.9679368029739777,True,0.8233333333333334,0.9919028340080972,0.5733333333333334,0.8837209302325582,0.84,0.8203125
0.9681440443213296,True,0.8233333333333334,0.9919028340080972,0.57,0.8830409356725146,0.84,0.813953488372093
0.9686450167973124,True,0.82,0.991869918699187,0.57,0.8830409356725146,0.84,0.813953488372093
0.9697542533081286,True,0.8166666666666667,0.9918367346938776,0.57,0.8830409356725146,0.84,0.813953488372093
0.9702295552367288,True,0.8166666666666667,0.9918367346938776,0.5666666666666667,0.8823529411764706,0.84,0.8076923076923077
0.9705603038936372,True,0.8166666666666667,0.9918367346938776,0.5633333333333334,0.8816568047337278,0.84,0.8015267175572519
0.970736629667003,True,0.8133333333333334,0.9918032786885246,0.5633333333333334,0.8816568047337278,0.84,0.8015267175572519
0.9722792607802875,True,0.81,0.9917695473251029,0.5633333333333334,0.8816568047337278,0.84,0.8015267175572519
0.9726758286176233,True,0.8066666666666666,0.9917355371900827,0.5633333333333334,0.8816568047337278,0.84,0.8015267175572519
0.9728395061728395,True,0.8033333333333333,0.991701244813278,0.5633333333333334,0.8816568047337278,0.84,0.8015267175572519
0.9733887733887734,True,0.8,0.9916666666666667,0.5633333333333334,0.8816568047337278,0.84,0.8015267175572519
0.9739130434782609,True,0.8,0.9916666666666667,0.56,0.8869047619047619,0.848,0.803030303030303
0.9743336623889437,False,0.7966666666666666,0.9916317991631799,0.56,0.8869047619047619,0.848,0.803030303030303
0.974676089517079,False,0.7966666666666666,0.9916317991631799,0.5566666666666666,0.8862275449101796,0.848,0.7969924812030075
0.9747501315097317,False,0.7966666666666666,0.9916317991631799,0.5533333333333333,0.8855421686746988,0.848,0.7910447761194029
0.9753218884120172,False,0.7933333333333333,0.9915966386554622,0.5533333333333333,0.8855421686746988,0.848,0.7910447761194029
0.9753959276018099,False,0.7933333333333333,0.9915966386554622,0.55,0.8848484848484849,0.848,0.7851851851851852
0.9758928571428571,False,0.7933333333333333,0.9915966386554622,0.5466666666666666,0.8841463414634146,0.848,0.7794117647058824
0.9761578044596912,False,0.7933333333333333,0.9915966386554622,0.5433333333333333,0.8895705521472392,0.856,0.781021897810219
0.9764705882352941,False,0.7933333333333333,0.9915966386554622,0.54,0.8888888888888888,0.856,0.7753623188405797
0.9767002518891688,False,0.7933333333333333,0.9915966386554622,0.5366666666666666,0.8881987577639752,0.856,0.7697841726618705
0.9772834831992427,False,0.79,0.9915611814345991,0.5366666666666666,0.8881987577639752,0.856,0.7697841726618705
0.977459559798462,False,0.7866666666666666,0.9915254237288136,0.5366666666666666,0.8881987577639752,0.856,0.7697841726618705
0.9776864357017029,False,0.7866666666666666,0.9915254237288136,0.5333333333333333,0.8875,0.856,0.7642857142857142
0.9779326364692218,False,0.7866666666666666,0.9915254237288136,0.53,0.8867924528301887,0.856,0.7588652482269503
0.9791733418776033,False,0.7833333333333333,0.9914893617021276,0.53,0.8867924528301887,0.856,0.7588652482269503
0.9794600938967136,False,0.78,0.9914529914529915,0.53,0.8867924528301887,0.856,0.7588652482269503
0.9794674526652346,False,0.7766666666666666,0.9914163090128756,0.53,0.8867924528301887,0.856,0.7588652482269503
0.9820415879017014,False,0.7766666666666666,0.9914163090128756,0.5266666666666666,0.8860759493670886,0.856,0.7535211267605634
0.9822614470464872,False,0.7733333333333333,0.9913793103448276,0.5266666666666666,0.8860759493670886,0.856,0.7535211267605634
0.9824253075571178,False,0.77,0.9913419913419913,0.5266666666666666,0.8860759493670886,0.856,0.7535211267605634
0.9825702033476276,False,0.77,0.9913419913419913,0.5233333333333333,0.89171974522293,0.864,0.7552447552447552
0.9835850295469468,False,0.77,0.9913419913419913,0.52,0.8974358974358975,0.872,0.7569444444444444
0.9836639439906651,False,0.77,0.9913419913419913,0.5166666666666667,0.896774193548387,0.872,0.7517241379310344
0.9844411394577279,False,0.7666666666666667,0.991304347826087,0.5166666666666667,0.896774193548387,0.872,0.7517241379310344
0.9844868735083532,False,0.7666666666666667,0.991304347826087,0.5133333333333333,0.8961038961038961,0.872,0.7465753424657534
0.9850574712643678,False,0.7666666666666667,0.991304347826087,0.51,0.8954248366013072,0.872,0.7414965986394558
0.9855595667870036,False,0.7633333333333333,0.9912663755458515,0.51,0.8954248366013072,0.872,0.7414965986394558
0.9858299595141701,False,0.76,0.9912280701754386,0.51,0.8954248366013072,0.872,0.7414965986394558
0.9859245041586693,False,0.7566666666666667,0.9911894273127754,0.51,0.8954248366013072,0.872,0.7414965986394558
0.9865470852017937,False,0.7533333333333333,0.9911504424778761,0.51,0.8954248366013072,0.872,0.7414965986394558
0.9871414441147379,False,0.7533333333333333,0.9911504424778761,0.5066666666666667,0.8947368421052632,0.872,0.7364864864864865
0.9872881355932204,False,0.75,0.9911111111111112,0.5066666666666667,0.8947368421052632,0.872,0.7364864864864865
0.987417943107221,False,0.7466666666666667,0.9910714285714286,0.5066666666666667,0.8947368421052632,0.872,0.7364864864864865
0.9875328083989501,False,0.7433333333333333,0.9910313901345291,0.5066666666666667,0.8947368421052632,0.872,0.7364864864864865
0.9878980891719745,False,0.74,0.990990990990991,0.5066666666666667,0.8947368421052632,0.872,0.7364864864864865
0.9880013712718546,False,0.7366666666666667,0.9909502262443439,0.5066666666666667,0.8947368421052632,0.872,0.7364864864864865
0.9880068532267275,False,0.7366666666666667,0.9909502262443439,0.5033333333333333,0.8940397350993378,0.872,0.7315436241610739
0.9880569591180524,False,0.7366666666666667,0.9909502262443439,0.5,0.8933333333333333,0.872,0.7266666666666667
0.9881013967925505,False,0.7333333333333333,0.990909090909091,0.5,0.8933333333333333,0.872,0.7266666666666667
0.9883093525179856,False,0.7333333333333333,0.990909090909091,0.49666666666666665,0.8926174496644296,0.872,0.7218543046357616
0.9887076537013801,False,0.73,0.9908675799086758,0.49666666666666665,0.8926174496644296,0.872,0.7218543046357616
0.989041095890411,False,0.7266666666666667,0.9908256880733946,0.49666666666666665,0.8926174496644296,0.872,0.7218543046357616
0.9894982497082847,False,0.7266666666666667,0.9908256880733946,0.49333333333333335,0.8986486486486487,0.88,0.7236842105263158
0.9898836621143147,False,0.7233333333333334,0.9907834101382489,0.49333333333333335,0.8986486486486487,0.88,0.7236842105263158
0.9899289099526066,False,0.72,0.9907407407407407,0.49333333333333335,0.8986486486486487,0.88,0.7236842105263158
0.9899497487437185,False,0.7166666666666667,0.9906976744186047,0.49333333333333335,0.8986486486486487,0.88,0.7236842105263158
0.9900521080056846,False,0.7133333333333334,0.9906542056074766,0.49333333333333335,0.8986486486486487,0.88,0.7236842105263158
0.9901657769036246,False,0.71,0.9906103286384976,0.49333333333333335,0.8986486486486487,0.88,0.7236842105263158
0.9901732609257823,False,0.7066666666666667,0.9905660377358491,0.49333333333333335,0.8986486486486487,0.88,0.7236842105263158
0.9903147699757869,False,0.7033333333333334,0.990521327014218,0.49333333333333335,0.8986486486486487,0.88,0.7236842105263158
0.990748528174937,False,0.7033333333333334,0.990521327014218,0.49,0.8979591836734694,0.88,0.7189542483660131
0.9909028883329543,False,0.7033333333333334,0.990521327014218,0.4866666666666667,0.8972602739726028,0.88,0.7142857142857143
0.9909553420011306,False,0.7033333333333334,0.990521327014218,0.48333333333333334,0.896551724137931,0.88,0.7096774193548387
0.9910867329448063,False,0.7,0.9904761904761905,0.48333333333333334,0.896551724137931,0.88,0.7096774193548387
0.9912357581069238,False,0.7,0.9904761904761905,0.48,0.8958333333333334,0.88,0.7051282051282052
0.9914645103324349,False,0.7,0.9904761904761905,0.4766666666666667,0.8951048951048951,0.88,0.7006369426751592
0.9917657822506862,False,0.6966666666666667,0.9904306220095693,0.4766666666666667,0.8951048951048951,0.88,0.7006369426751592
0.991787225977636,False,0.6933333333333334,0.9903846153846154,0.4766666666666667,0.8951048951048951,0.88,0.7006369426751592
0.9919678714859438,False,0.6933333333333334,0.9903846153846154,0.47333333333333333,0.8943661971830986,0.88,0.6962025316455697
0.9924953095684803,False,0.6933333333333334,0.9903846153846154,0.47,0.8936170212765957,0.88,0.6918238993710691
0.992526158445441,False,0.69,0.9903381642512077,0.47,0.8936170212765957,0.88,0.6918238993710691
0.9926739926739927,False,0.69,0.9903381642512077,0.4666666666666667,0.9,0.888,0.69375
0.9927721088435374,False,0.6866666666666666,0.9902912621359223,0.4666666666666667,0.9,0.888,0.69375
0.993,False,0.6833333333333333,0.9902439024390244,0.4666666666666667,0.9,0.888,0.69375
0.9930262731106065,False,0.6833333333333333,0.9902439024390244,0.4633333333333333,0.8992805755395683,0.888,0.6894409937888198
0.9930491195551436,False,0.68,0.9901960784313726,0.4633333333333333,0.8992805755395683,0.888,0.6894409937888198
0.9930697105584998,False,0.68,0.9901960784313726,0.46,0.8985507246376812,0.888,0.6851851851851852
0.9932111337406653,False,0.6766666666666666,0.9901477832512315,0.46,0.8985507246376812,0.888,0.6851851851851852
0.9934695597219296,False,0.6733333333333333,0.9900990099009901,0.46,0.8985507246376812,0.888,0.6851851851851852
0.9934920363075869,False,0.67,0.9950248756218906,0.46,0.8985507246376812,0.888,0.6851851851851852
0.9935622317596566,False,0.67,0.9950248756218906,0.45666666666666667,0.8978102189781022,0.888,0.6809815950920245
0.9935691318327974,False,0.6666666666666666,0.995,0.45666666666666667,0.8978102189781022,0.888,0.6809815950920245
0.9936170212765958,False,0.6633333333333333,0.9949748743718593,0.45666666666666667,0.8978102189781022,0.888,0.6809815950920245
0.9936958234830575,False,0.66,0.9949494949494949,0.45666666666666667,0.8978102189781022,0.888,0.6809815950920245
0.9937926753569212,False,0.6566666666666666,0.9949238578680203,0.45666666666666667,0.8978102189781022,0.888,0.6809815950920245
0.9939111747851003,False,0.6533333333333333,0.9948979591836735,0.45666666666666667,0.8978102189781022,0.888,0.6809815950920245
0.994017094017094,False,0.6533333333333333,0.9948979591836735,0.4533333333333333,0.8970588235294118,0.888,0.676829268292683
0.9941489361702127,False,0.6533333333333333,0.9948979591836735,0.45,0.9037037037037037,0.896,0.6787878787878788
0.9943462897526502,False,0.6533333333333333,0.9948979591836735,0.44666666666666666,0.9029850746268657,0.896,0.6746987951807228
0.9948299319727891,False,0.6533333333333333,0.9948979591836735,0.44333333333333336,0.9022556390977443,0.896,0.6706586826347305
0.9949409780775716,False,0.65,0.9948717948717949,0.44333333333333336,0.9022556390977443,0.896,0.6706586826347305
0.9951520493609519,False,0.6466666666666666,0.9948453608247423,0.44333333333333336,0.9022556390977443,0.896,0.6706586826347305
0.9951845906902087,False,0.6433333333333333,0.9948186528497409,0.44333333333333336,0.9022556390977443,0.896,0.6706586826347305
0.9952852428099953,False,0.64,0.9947916666666666,0.44333333333333336,0.9022556390977443,0.896,0.6706586826347305
0.9953114534494307,False,0.6366666666666667,0.9947643979057592,0.44333333333333336,0.9022556390977443,0.896,0.6706586826347305
0.9953186892329853,False,0.6333333333333333,0.9947368421052631,0.44333333333333336,0.9022556390977443,0.896,0.6706586826347305
0.9953188999414863,False,0.63,0.9947089947089947,0.44333333333333336,0.9022556390977443,0.896,0.6706586826347305
0.995345744680851,False,0.6266666666666667,0.9946808510638298,0.44333333333333336,0.9022556390977443,0.896,0.6706586826347305
0.9954954954954955,False,0.6233333333333333,0.9946524064171123,0.44333333333333336,0.9022556390977443,0.896,0.6706586826347305
0.9955604883462819,False,0.6233333333333333,0.9946524064171123,0.44,0.9015151515151515,0.896,0.6666666666666666
0.9956445993031359,False,0.62,0.9946236559139785,0.44,0.9015151515151515,0.896,0.6666666666666666
0.9956942949407965,False,0.6166666666666667,0.9945945945945946,0.44,0.9015151515151515,0.896,0.6666666666666666
0.9957004657828735,False,0.6133333333333333,0.9945652173913043,0.44,0.9015151515151515,0.896,0.6666666666666666
0.9957264957264957,False,0.61,0.994535519125683,0.44,0.9015151515151515,0.896,0.6666666666666666
0.99572877736252,False,0.6066666666666667,0.9945054945054945,0.44,0.9015151515151515,0.896,0.6666666666666666
0.9957333333333334,False,0.6033333333333334,0.994475138121547,0.44,0.9015151515151515,0.896,0.6666666666666666
0.9957413859852884,False,0.6,0.9944444444444445,0.44,0.9015151515151515,0.896,0.6666666666666666
0.9959139784946237,False,0.5966666666666667,0.994413407821229,0.44,0.9015151515151515,0.896,0.6666666666666666
0.9959401167216443,False,0.5933333333333334,0.9943820224719101,0.44,0.9015151515151515,0.896,0.6666666666666666
0.9959778783308195,False,0.59,0.9943502824858758,0.44,0.9015151515151515,0.896,0.6666666666666666
0.9959935897435898,False,0.5866666666666667,0.9943181818181818,0.44,0.9015151515151515,0.896,0.6666666666666666
0.9960134284515317,False,0.5866666666666667,0.9943181818181818,0.43666666666666665,0.9007633587786259,0.896,0.6627218934911243
0.9960855949895616,False,0.5866666666666667,0.9943181818181818,0.43333333333333335,0.9,0.896,0.6588235294117647
0.9961059190031153,False,0.5833333333333334,0.9942857142857143,0.43333333333333335,0.9,0.896,0.6588235294117647
0.9961334961334961,False,0.58,0.9942528735632183,0.43333333333333335,0.9,0.896,0.6588235294117647
0.9961365099806826,False,0.5766666666666667,0.9942196531791907,0.43333333333333335,0.9,0.896,0.6588235294117647
0.9962121212121212,False,0.5733333333333334,0.9941860465116279,0.43333333333333335,0.9,0.896,0.6588235294117647
0.9962814645308925,False,0.57,0.9941520467836257,0.43333333333333335,0.9,0.896,0.6588235294117647
0.9963015647226173,False,0.5666666666666667,0.9941176470588236,0.43333333333333335,0.9,0.896,0.6588235294117647
0.9964430894308943,False,0.5633333333333334,0.9940828402366864,0.43333333333333335,0.9,0.896,0.6588235294117647
0.9964601769911504,False,0.56,0.9940476190476191,0.43333333333333335,0.9,0.896,0.6588235294117647
0.9964774140074596,False,0.5566666666666666,0.9940119760479041,0.43333333333333335,0.9,0.896,0.6588235294117647
0.9965307892454467,False,0.5566666666666666,0.9940119760479041,0.43,0.8992248062015504,0.896,0.6549707602339181
0.9966510381781648,False,0.5533333333333333,0.9939759036144579,0.43,0.8992248062015504,0.896,0.6549707602339181
0.9966588706982961,False,0.5533333333333333,0.9939759036144579,0.4266666666666667,0.8984375,0.896,0.6511627906976745
0.9966691339748335,False,0.55,0.9939393939393939,0.4266666666666667,0.8984375,0.896,0.6511627906976745
0.9967078189300411,False,0.5466666666666666,0.9939024390243902,0.4266666666666667,0.8984375,0.896,0.6511627906976745
0.9967195188627666,False,0.5433333333333333,0.9938650306748467,0.4266666666666667,0.8984375,0.896,0.6511627906976745
0.9967213114754099,False,0.54,0.9938271604938271,0.4266666666666667,0.8984375,0.896,0.6511627906976745
0.9969135802469136,False,0.5366666666666666,0.9937888198757764,0.4266666666666667,0.8984375,0.896,0.6511627906976745
0.996996996996997,False,0.5333333333333333,0.99375,0.4266666666666667,0.8984375,0.896,0.6511627906976745
0.9970409337497945,False,0.53,0.9937106918238994,0.4266666666666667,0.8984375,0.896,0.6511627906976745
0.9971181556195965,False,0.5266666666666666,0.9936708860759493,0.4266666666666667,0.8984375,0.896,0.6511627906976745
0.9971212666426772,False,0.5233333333333333,0.9936305732484076,0.4266666666666667,0.8984375,0.896,0.6511627906976745
0.9971287940935193,False,0.52,0.9935897435897436,0.4266666666666667,0.8984375,0.896,0.6511627906976745
0.9971305595408895,False,0.5166666666666667,0.9935483870967742,0.4266666666666667,0.8984375,0.896,0.6511627906976745
0.9973169796857033,False,0.5166666666666667,0.9935483870967742,0.42333333333333334,0.8976377952755905,0.896,0.6473988439306358
0.9973739495798319,False,0.5133333333333333,0.9935064935064936,0.42333333333333334,0.8976377952755905,0.896,0.6473988439306358
0.997379276874545,False,0.51,0.9934640522875817,0.42333333333333334,0.8976377952755905,0.896,0.6473988439306358
0.9973998959958398,False,0.5066666666666667,0.993421052631579,0.42333333333333334,0.8976377952755905,0.896,0.6473988439306358
0.9974025974025974,False,0.5033333333333333,0.9933774834437086,0.42333333333333334,0.8976377952755905,0.896,0.6473988439306358
0.9975186104218362,False,0.5,0.9933333333333333,0.42333333333333334,0.8976377952755905,0.896,0.6473988439306358
0.9976844194508766,False,0.49666666666666665,0.9932885906040269,0.42333333333333334,0.8976377952755905,0.896,0.6473988439306358
0.9977155910908052,False,0.49666666666666665,0.9932885906040269,0.42,0.8968253968253969,0.896,0.6436781609195402
0.9977502812148481,False,0.49333333333333335,0.9932432432432432,0.42,0.8968253968253969,0.896,0.6436781609195402
0.9978002639683238,False,0.49,0.9931972789115646,0.42,0.8968253968253969,0.896,0.6436781609195402
0.9978048780487805,False,0.4866666666666667,0.9931506849315068,0.42,0.8968253968253969,0.896,0.6436781609195402
0.9978452595710563,False,0.4866666666666667,0.9931506849315068,0.4166666666666667,0.904,0.904,0.6457142857142857
0.9979910714285715,False,0.4866666666666667,0.9931506849315068,0.41333333333333333,0.9032258064516129,0.904,0.6420454545454546
0.9979923710098374,False,0.48333333333333334,0.993103448275862,0.41333333333333333,0.9032258064516129,0.904,0.6420454545454546
0.9979938477999197,False,0.48,0.9930555555555556,0.41333333333333333,0.9032258064516129,0.904,0.6420454545454546
0.9980229339659945,False,0.4766666666666667,0.993006993006993,0.41333333333333333,0.9032258064516129,0.904,0.6420454545454546
0.9980774512496566,False,0.47333333333333333,0.9929577464788732,0.41333333333333333,0.9032258064516129,0.904,0.6420454545454546
0.9980890287769785,False,0.47,0.9929078014184397,0.41333333333333333,0.9032258064516129,0.904,0.6420454545454546
0.998104153089638,False,0.4666666666666667,0.9928571428571429,0.41333333333333333,0.9032258064516129,0.904,0.6420454545454546
0.9981216247945527,False,0.4666666666666667,0.9928571428571429,0.41,0.9024390243902439,0.904,0.6384180790960452
0.9981245311327832,False,0.4633333333333333,0.9928057553956835,0.41,0.9024390243902439,0.904,0.6384180790960452
0.9981481481481481,False,0.4633333333333333,0.9928057553956835,0.4066666666666667,0.9016393442622951,0.904,0.6348314606741573
0.9982149940499802,False,0.46,0.9927536231884058,0.4066666666666667,0.9016393442622951,0.904,0.6348314606741573
0.9982871655543086,False,0.46,0.9927536231884058,0.4033333333333333,0.9008264462809917,0.904,0.6312849162011173
0.9982959955896357,False,0.46,0.9927536231884058,0.4,0.9,0.904,0.6277777777777778
0.9982973893303064,False,0.45666666666666667,0.9927007299270073,0.4,0.9,0.904,0.6277777777777778
0.9983803794539565,False,0.4533333333333333,0.9926470588235294,0.4,0.9,0.904,0.6277777777777778
0.998426435877262,False,0.45,0.9925925925925926,0.4,0.9,0.904,0.6277777777777778
0.9985372988785958,False,0.45,0.9925925925925926,0.39666666666666667,0.8991596638655462,0.904,0.6243093922651933
0.9986172566371682,False,0.45,0.9925925925925926,0.3933333333333333,0.8983050847457628,0.904,0.6208791208791209
0.9987041036717063,False,0.45,0.9925925925925926,0.39,0.8974358974358975,0.904,0.6174863387978142
0.9987063389391979,False,0.45,0.9925925925925926,0.38666666666666666,0.896551724137931,0.904,0.6141304347826086
0.9987396883593034,False,0.44666666666666666,0.9925373134328358,0.38666666666666666,0.896551724137931,0.904,0.6141304347826086
0.9987563595251554,False,0.44333333333333336,0.9924812030075187,0.38666666666666666,0.896551724137931,0.904,0.6141304347826086
0.9987726296409942,False,0.44,0.9924242424242424,0.38666666666666666,0.896551724137931,0.904,0.6141304347826086
0.9987737226277372,False,0.43666666666666665,0.9923664122137404,0.38666666666666666,0.896551724137931,0.904,0.6141304347826086
0.9988363974866186,False,0.43666666666666665,0.9923664122137404,0.38333333333333336,0.8956521739130435,0.904,0.6108108108108108
0.9988399071925754,False,0.43333333333333335,0.9923076923076923,0.38333333333333336,0.8956521739130435,0.904,0.6108108108108108
0.9988887654183798,False,0.43,0.9922480620155039,0.38333333333333336,0.8956521739130435,0.904,0.6108108108108108
0.9990067047429848,False,0.4266666666666667,0.9921875,0.38333333333333336,0.8956521739130435,0.904,0.6108108108108108
0.9992164684094309,False,0.42333333333333334,0.9921259842519685,0.38333333333333336,0.8956521739130435,0.904,0.6108108108108108
0.9992180712423979,False,0.42,0.9920634920634921,0.38333333333333336,0.8956521739130435,0.904,0.6108108108108108
0.9992396326840967,False,0.4166666666666667,0.992,0.38333333333333336,0.8956521739130435,0.904,0.6108108108108108
0.999240077161396,False,0.4166666666666667,0.992,0.38,0.8947368421052632,0.904,0.6075268817204301
0.9992446092569702,False,0.4166666666666667,0.992,0.37666666666666665,0.8938053097345132,0.904,0.6042780748663101
0.9992537313432835,False,0.4166666666666667,0.992,0.37333333333333335,0.8928571428571429,0.904,0.601063829787234
0.9992573797883533,False,0.4166666666666667,0.992,0.37,0.8918918918918919,0.904,0.5978835978835979
0.9992845993756504,False,0.4166666666666667,0.992,0.36666666666666664,0.8909090909090909,0.904,0.5947368421052631
0.9993342210386151,False,0.41333333333333333,0.9919354838709677,0.36666666666666664,0.8909090909090909,0.904,0.5947368421052631
0.9993416721527321,False,0.41,0.991869918699187,0.36666666666666664,0.8909090909090909,0.904,0.5947368421052631
0.9993861264579497,False,0.4066666666666667,0.9918032786885246,0.36666666666666664,0.8909090909090909,0.904,0.5947368421052631
0.9994594594594595,False,0.4033333333333333,0.9917355371900827,0.36666666666666664,0.8909090909090909,0.904,0.5947368421052631
0.999468995220957,False,0.4,0.9916666666666667,0.36666666666666664,0.8909090909090909,0.904,0.5947368421052631
0.9994881419552978,False,0.4,0.9916666666666667,0.36333333333333334,0.8899082568807339,0.904,0.5916230366492147
0.9994914392269876,False,0.39666666666666667,0.9915966386554622,0.36333333333333334,0.8899082568807339,0.904,0.5916230366492147
0.9996088019559902,False,0.39666666666666667,0.9915966386554622,0.36,0.8888888888888888,0.904,0.5885416666666666
0.999641919312485,False,0.39666666666666667,0.9915966386554622,0.3566666666666667,0.8878504672897196,0.904,0.5854922279792746
0.9996605950899423,False,0.39666666666666667,0.9915966386554622,0.35333333333333333,0.8867924528301887,0.904,0.5824742268041238
0.999670510708402,False,0.39666666666666667,0.9915966386554622,0.35,0.8857142857142857,0.904,0.5794871794871795
0.9997121473805411,False,0.3933333333333333,0.9915254237288136,0.35,0.8857142857142857,0.904,0.5794871794871795
0.9997166175470414,False,0.39,0.9914529914529915,0.35,0.8857142857142857,0.904,0.5794871794871795
0.9997766735525655,False,0.39,0.9914529914529915,0.3466666666666667,0.8846153846153846,0.904,0.576530612244898
0.9998725058966023,False,0.39,0.9914529914529915,0.3433333333333333,0.883495145631068,0.904,0.5736040609137056
0.9998819362455726,False,0.39,0.9914529914529915,0.34,0.8823529411764706,0.904,0.5707070707070707
0.9999150237933379,False,0.39,0.9914529914529915,0.33666666666666667,0.8910891089108911,0.912,0.5728643216080402
1.0,False,0.38666666666666666,0.9913793103448276,0.33666666666666667,0.8910891089108911,0.912,0.5728643216080402
